preferred_term,restriction,corpus_N,term_total,n_remifentanil,a_remifentanil,ROR_remifentanil,ROR_CI_remifentanil,n_fentanyl,a_fentanyl,ROR_fentanyl,ROR_CI_fentanyl,n_sufentanil,a_sufentanil,ROR_sufentanil,ROR_CI_sufentanil,n_morphine,a_morphine,ROR_morphine,ROR_CI_morphine,RORR_vs_fentanyl,RORR_CI_vs_fentanyl,RORR_vs_morphine,RORR_CI_vs_morphine,remifentanil_signal
HYPERAESTHESIA,"as published (role-agnostic, latest version)",20692687,8161,5375,10,4.729,2.54-8.80,121819,315,6.795,6.07-7.61,6513,22,8.611,5.66-13.09,56501,262,12.166,10.75-13.76,0.696,0.37-1.31,0.389,0.21-0.73,yes
HYPERAESTHESIA,restricted to reports with >=1 primary suspect drug record,20663426,8144,5314,10,4.786,2.57-8.90,121343,311,6.736,6.01-7.55,6461,22,8.686,5.71-13.21,56217,261,12.189,10.77-13.79,0.711,0.38-1.34,0.393,0.21-0.74,yes
HYPERAESTHESIA,restricted to never-revised reports,12745136,4059,3563,8,7.076,3.53-14.17,88109,194,7.224,6.25-8.35,4588,16,11.025,6.74-18.03,34140,135,12.856,10.83-15.27,0.979,0.48-1.99,0.55,0.27-1.13,yes
ALLODYNIA,"as published (role-agnostic, latest version)",20692687,1110,5375,1,3.471,0.49-24.67,121819,48,7.635,5.72-10.20,6513,0,,,56501,30,10.15,7.06-14.59,0.455,0.06-3.30,0.342,0.05-2.51,no
ALLODYNIA,restricted to reports with >=1 primary suspect drug record,20663426,1109,5314,1,3.509,0.49-24.94,121343,48,7.661,5.74-10.23,6461,0,,,56217,30,10.197,7.09-14.66,0.458,0.06-3.32,0.344,0.05-2.53,no
ALLODYNIA,restricted to never-revised reports,12745136,715,3563,0,,,88109,19,3.922,2.49-6.19,4588,0,,,34140,13,6.897,3.98-11.94,,,,,not estimable
PROCEDURAL PAIN,"as published (role-agnostic, latest version)",20692687,27300,5375,14,1.977,1.17-3.34,121819,162,1.008,0.86-1.18,6513,8,0.931,0.47-1.86,56501,167,2.252,1.93-2.62,1.962,1.14-3.39,0.878,0.51-1.52,yes
PROCEDURAL PAIN,restricted to reports with >=1 primary suspect drug record,20663426,27293,5314,14,1.998,1.18-3.38,121343,160,0.998,0.85-1.17,6461,8,0.937,0.47-1.88,56217,167,2.26,1.94-2.63,2.001,1.16-3.46,0.884,0.51-1.53,yes
PROCEDURAL PAIN,restricted to never-revised reports,12745136,13808,3563,9,2.336,1.21-4.49,88109,63,0.658,0.51-0.84,4588,6,1.207,0.54-2.69,34140,50,1.354,1.03-1.79,3.549,1.76-7.14,1.726,0.85-3.51,yes
DRUG WITHDRAWAL SYNDROME,"as published (role-agnostic, latest version)",20692687,87541,5375,7,0.307,0.15-0.64,121819,3274,6.714,6.48-6.96,6513,42,1.528,1.13-2.07,56501,865,3.686,3.45-3.94,0.046,0.02-0.10,0.083,0.04-0.18,no
DRUG WITHDRAWAL SYNDROME,restricted to reports with >=1 primary suspect drug record,20663426,87467,5314,7,0.31,0.15-0.65,121343,3270,6.729,6.50-6.97,6461,42,1.539,1.14-2.09,56217,862,3.69,3.45-3.95,0.046,0.02-0.10,0.084,0.04-0.18,no
DRUG WITHDRAWAL SYNDROME,restricted to never-revised reports,12745136,57014,3563,3,0.187,0.06-0.58,88109,2561,6.928,6.66-7.21,4588,25,1.219,0.82-1.81,34140,598,3.999,3.69-4.34,0.027,0.01-0.08,0.047,0.02-0.15,no
PAIN,"as published (role-agnostic, latest version)",20692687,607176,5375,23,0.142,0.09-0.21,121819,7349,2.138,2.09-2.19,6513,98,0.505,0.41-0.62,56501,4794,3.083,2.99-3.18,0.066,0.04-0.10,0.046,0.03-0.07,no
PAIN,restricted to reports with >=1 primary suspect drug record,20663426,606818,5314,22,0.137,0.09-0.21,121343,7337,2.141,2.09-2.19,6461,98,0.509,0.42-0.62,56217,4785,3.092,3.00-3.18,0.064,0.04-0.10,0.044,0.03-0.07,no
PAIN,restricted to never-revised reports,12745136,312276,3563,11,0.123,0.07-0.22,88109,4547,2.184,2.12-2.25,4588,56,0.492,0.38-0.64,34140,2188,2.739,2.62-2.86,0.056,0.03-0.10,0.045,0.02-0.08,no
DRUG INEFFECTIVE,"as published (role-agnostic, latest version)",20692687,1299278,5375,208,0.601,0.52-0.69,121819,8062,1.058,1.03-1.08,6513,318,0.766,0.68-0.86,56501,4450,1.277,1.24-1.32,0.568,0.49-0.65,0.47,0.41-0.54,no
DRUG INEFFECTIVE,restricted to reports with >=1 primary suspect drug record,20663426,1298512,5314,207,0.604,0.53-0.69,121343,8049,1.06,1.04-1.08,6461,317,0.769,0.69-0.86,56217,4436,1.279,1.24-1.32,0.57,0.50-0.66,0.473,0.41-0.55,no
DRUG INEFFECTIVE,restricted to never-revised reports,12745136,821693,3563,128,0.541,0.45-0.64,88109,5220,0.913,0.89-0.94,4588,204,0.675,0.59-0.78,34140,2291,1.044,1.00-1.09,0.592,0.50-0.71,0.518,0.43-0.62,no
NAUSEA,"as published (role-agnostic, latest version)",20692687,778546,5375,51,0.245,0.19-0.32,121819,4928,1.079,1.05-1.11,6513,109,0.435,0.36-0.53,56501,4527,2.235,2.17-2.30,0.227,0.17-0.30,0.11,0.08-0.14,no
NAUSEA,restricted to reports with >=1 primary suspect drug record,20663426,777659,5314,50,0.243,0.18-0.32,121343,4915,1.08,1.05-1.11,6461,109,0.439,0.36-0.53,56217,4521,2.244,2.18-2.31,0.225,0.17-0.30,0.108,0.08-0.14,no
NAUSEA,restricted to never-revised reports,12745136,411533,3563,26,0.22,0.15-0.32,88109,2549,0.892,0.86-0.93,4588,58,0.384,0.30-0.50,34140,1978,1.847,1.77-1.93,0.247,0.17-0.36,0.119,0.08-0.18,no
VOMITING,"as published (role-agnostic, latest version)",20692687,462663,5375,64,0.527,0.41-0.67,121819,3483,1.289,1.25-1.33,6513,80,0.544,0.44-0.68,56501,3432,2.841,2.74-2.94,0.409,0.32-0.52,0.185,0.14-0.24,no
VOMITING,restricted to reports with >=1 primary suspect drug record,20663426,461961,5314,64,0.533,0.42-0.68,121343,3466,1.288,1.25-1.33,6461,79,0.541,0.43-0.68,56217,3425,2.851,2.75-2.95,0.414,0.32-0.53,0.187,0.15-0.24,no
VOMITING,restricted to never-revised reports,12745136,234819,3563,34,0.513,0.37-0.72,88109,1792,1.107,1.06-1.16,4588,47,0.551,0.41-0.73,34140,1555,2.553,2.43-2.69,0.464,0.33-0.65,0.201,0.14-0.28,no
PRURITUS,"as published (role-agnostic, latest version)",20692687,372941,5375,41,0.419,0.31-0.57,121819,1117,0.503,0.47-0.53,6513,38,0.32,0.23-0.44,56501,1291,1.275,1.21-1.35,0.833,0.61-1.14,0.328,0.24-0.45,no
PRURITUS,restricted to reports with >=1 primary suspect drug record,20663426,372735,5314,41,0.423,0.31-0.58,121343,1116,0.504,0.47-0.53,6461,38,0.322,0.23-0.44,56217,1291,1.28,1.21-1.35,0.84,0.61-1.15,0.331,0.24-0.45,no
PRURITUS,restricted to never-revised reports,12745136,213312,3563,29,0.482,0.33-0.69,88109,647,0.433,0.40-0.47,4588,23,0.296,0.20-0.45,34140,646,1.133,1.05-1.23,1.114,0.77-1.62,0.425,0.29-0.62,no
CONSTIPATION,"as published (role-agnostic, latest version)",20692687,213536,5375,11,0.197,0.11-0.36,121819,2011,1.616,1.55-1.69,6513,63,0.937,0.73-1.20,56501,1786,3.148,3.00-3.30,0.122,0.07-0.22,0.062,0.03-0.11,no
CONSTIPATION,restricted to reports with >=1 primary suspect drug record,20663426,213278,5314,11,0.199,0.11-0.36,121343,2003,1.615,1.55-1.69,6461,63,0.944,0.74-1.21,56217,1779,3.151,3.01-3.30,0.123,0.07-0.22,0.063,0.03-0.11,no
CONSTIPATION,restricted to never-revised reports,12745136,106210,3563,2,0.067,0.02-0.27,88109,957,1.309,1.23-1.40,4588,37,0.967,0.70-1.34,34140,783,2.807,2.61-3.01,0.051,0.01-0.20,0.024,0.01-0.10,no
DRUG TOLERANCE,"as published (role-agnostic, latest version)",20692687,5013,5375,0,,,121819,278,9.935,8.80-11.21,6513,0,,,56501,79,5.855,4.69-7.31,,,,,not estimable
DRUG TOLERANCE,restricted to reports with >=1 primary suspect drug record,20663426,5004,5314,0,,,121343,276,9.903,8.77-11.18,6461,0,,,56217,79,5.887,4.71-7.35,,,,,not estimable
HYPERPATHIA,restricted to reports with >=1 primary suspect drug record,20663426,43,5314,0,,,121343,2,8.258,2.00-34.14,6461,1,76.135,10.48-553.27,56217,0,,,,,,,not estimable
HYPERPATHIA,restricted to never-revised reports,12745136,16,3563,0,,,88109,0,,,4588,0,,,34140,0,,,,,,,not estimable
