term,REMIFENTANIL,FENTANYL,SUFENTANIL,MORPHINE
ABDOMINAL DISCOMFORT,0,633,9,839
ABDOMINAL DISTENSION,8,439,16,500
ABDOMINAL PAIN,28,1476,37,1962
ABDOMINAL PAIN UPPER,9,781,0,1181
ABNORMAL BEHAVIOUR,0,248,10,145
ABORTION INDUCED,0,0,13,0
ACCIDENTAL EXPOSURE TO PRODUCT,7,278,7,0
ACCIDENTAL EXPOSURE TO PRODUCT BY CHILD,0,138,0,0
ACCIDENTAL OVERDOSE,15,1247,8,435
ACIDOSIS,11,0,16,0
ACUTE CORONARY SYNDROME,9,0,0,0
ACUTE GENERALISED EXANTHEMATOUS PUSTULOSIS,22,0,98,0
ACUTE HEPATIC FAILURE,0,0,15,0
ACUTE KIDNEY INJURY,209,2046,162,1749
ACUTE MYOCARDIAL INFARCTION,13,187,15,133
ACUTE PULMONARY OEDEMA,8,0,21,0
ACUTE RESPIRATORY DISTRESS SYNDROME,13,215,82,150
ACUTE RESPIRATORY FAILURE,7,331,15,263
ADJUSTMENT DISORDER WITH DEPRESSED MOOD,0,0,0,252
ADRENAL INSUFFICIENCY,5,0,11,0
ADVERSE DRUG REACTION,0,367,0,350
ADVERSE EVENT,0,481,0,283
ADVERSE REACTION,0,0,26,0
AFFECT LABILITY,0,0,0,133
AGEUSIA,7,0,0,0
AGGRESSION,0,319,29,291
AGITATION,22,764,66,365
AGRANULOCYTOSIS,10,0,16,0
AIRWAY COMPLICATION OF ANAESTHESIA,19,0,8,0
AIRWAY PEAK PRESSURE INCREASED,17,0,8,0
ALANINE AMINOTRANSFERASE INCREASED,21,410,14,270
ALLERGY TEST NEGATIVE,6,0,27,0
ALLERGY TEST POSITIVE,0,0,7,0
ALOPECIA,6,357,10,799
ALTERED STATE OF CONSCIOUSNESS,26,303,51,140
AMAUROSIS,6,0,0,0
AMNESIA,0,427,0,526
AMYOTROPHY,0,0,7,0
ANAEMIA,36,1523,71,1088
ANAESTHETIC COMPLICATION,18,0,18,0
ANAESTHETIC COMPLICATION NEUROLOGICAL,122,300,102,0
ANAESTHETIC COMPLICATION PULMONARY,0,0,7,0
ANAPHYLACTIC REACTION,367,1049,338,487
ANAPHYLACTIC SHOCK,532,341,1114,149
ANAPHYLACTOID REACTION,27,0,16,0
ANAPHYLACTOID SHOCK,17,0,37,0
ANGER,0,182,0,0
ANGINA PECTORIS,0,0,0,217
ANGIOEDEMA,44,224,70,188
ANGIOPATHY,0,0,25,0
ANGLE CLOSURE GLAUCOMA,6,0,0,0
ANKYLOSING SPONDYLITIS,0,0,0,127
ANORECTAL DISORDER,12,0,0,0
ANOSMIA,6,0,0,0
ANTI-CYCLIC CITRULLINATED PEPTIDE ANTIBODY,0,0,0,140
ANTI-CYCLIC CITRULLINATED PEPTIDE ANTIBODY POSITIVE,0,0,0,294
ANTICHOLINERGIC SYNDROME,8,0,22,0
ANURIA,0,0,33,0
ANXIETY,8,1772,27,1621
APALLIC SYNDROME,0,0,13,0
APGAR SCORE LOW,5,0,0,0
APHASIA,16,171,19,228
APLASTIC ANAEMIA,0,0,0,140
APNOEA,42,227,19,131
APPLICATION SITE ERYTHEMA,0,516,0,0
APPLICATION SITE IRRITATION,0,272,0,0
APPLICATION SITE PAIN,0,315,0,0
APPLICATION SITE PRURITUS,0,517,0,0
APPLICATION SITE RASH,0,379,0,0
APPLICATION SITE REACTION,0,224,0,0
APPLICATION SITE VESICLES,0,161,0,0
ARRHYTHMIA,15,242,17,144
ARTERIOSPASM CORONARY,22,0,10,0
ARTHRALGIA,10,1435,30,2101
ARTHRITIS,0,375,0,712
ARTHROPATHY,0,211,0,573
ASCITES,0,254,8,198
ASPARTATE AMINOTRANSFERASE INCREASED,24,334,19,200
ASPHYXIA,0,0,8,305
ASPIRATION,0,0,10,163
ASTHENIA,21,1900,35,2015
ASTHMA,8,292,0,699
ATAXIA,7,0,0,0
ATELECTASIS,17,0,20,0
ATRIAL FIBRILLATION,48,576,15,373
ATRIAL FLUTTER,0,0,9,0
ATRIAL SEPTAL DEFECT,0,0,9,0
ATRIOVENTRICULAR BLOCK,13,0,13,0
ATRIOVENTRICULAR BLOCK COMPLETE,15,0,17,0
ATRIOVENTRICULAR BLOCK SECOND DEGREE,7,0,0,0
AUTOIMMUNE DISORDER,0,0,0,269
AUTONOMIC NERVOUS SYSTEM IMBALANCE,7,0,10,0
BACK DISORDER,0,0,0,151
BACK PAIN,8,1596,64,1661
BACTERAEMIA,0,0,10,0
BALANCE DISORDER,0,372,0,411
BASAL GANGLION DEGENERATION,7,0,0,0
BEDRIDDEN,0,152,0,0
BEZOAR,0,0,10,0
BLADDER DISORDER,0,0,7,0
BLINDNESS,7,0,0,0
BLISTER,11,299,19,463
BLOOD ALBUMIN DECREASED,7,0,7,0
BLOOD ALKALINE PHOSPHATASE INCREASED,7,149,17,163
BLOOD BILIRUBIN INCREASED,0,164,17,149
BLOOD CALCIUM DECREASED,5,0,0,0
BLOOD CHOLESTEROL INCREASED,0,0,0,371
BLOOD CREATINE PHOSPHOKINASE INCREASED,22,183,31,0
BLOOD CREATININE INCREASED,13,477,14,325
BLOOD GLUCOSE INCREASED,10,225,8,286
BLOOD LACTATE DEHYDROGENASE INCREASED,0,137,0,0
BLOOD LACTIC ACID INCREASED,0,0,12,0
BLOOD MAGNESIUM INCREASED,0,0,8,0
BLOOD PH DECREASED,5,0,0,0
BLOOD POTASSIUM DECREASED,0,154,0,183
BLOOD POTASSIUM INCREASED,0,266,0,0
BLOOD PRESSURE DECREASED,118,496,71,370
BLOOD PRESSURE DIASTOLIC INCREASED,7,0,0,0
BLOOD PRESSURE FLUCTUATION,0,158,0,244
BLOOD PRESSURE IMMEASURABLE,11,0,0,0
BLOOD PRESSURE INCREASED,23,674,43,963
BLOOD PRESSURE SYSTOLIC DECREASED,9,0,0,0
BLOOD PRESSURE SYSTOLIC INCREASED,11,0,0,337
BLOOD UREA INCREASED,8,0,0,0
BLOOD URINE PRESENT,0,0,7,0
BODY TEMPERATURE DECREASED,0,0,0,145
BODY TEMPERATURE INCREASED,33,174,10,227
BONE EROSION,0,0,0,249
BONE PAIN,0,374,0,406
BRADYARRHYTHMIA,5,0,0,0
BRADYCARDIA,210,892,119,386
BRADYCARDIA FOETAL,12,0,18,0
BRADYPNOEA,21,148,11,168
BRAIN DEATH,5,0,0,0
BRAIN HERNIATION,14,0,8,0
BRAIN HYPOXIA,0,0,9,0
BRAIN INJURY,12,217,12,145
BRAIN OEDEMA,22,340,18,197
BREAKTHROUGH PAIN,0,273,0,0
BREAST CANCER STAGE II,0,0,0,132
BREAST CANCER STAGE III,0,0,0,216
BREATH SOUNDS ABNORMAL,0,0,8,0
BRONCHITIS,5,253,0,474
BRONCHOSPASM,103,218,184,0
BUNDLE BRANCH BLOCK RIGHT,6,0,12,0
BURNING SENSATION,0,338,9,286
BURSITIS,0,0,0,389
C-REACTIVE PROTEIN ABNORMAL,0,0,0,354
C-REACTIVE PROTEIN INCREASED,13,309,10,457
CAESAREAN SECTION,0,0,12,0
CANDIDA INFECTION,0,153,0,198
CAPILLARY NAIL REFILL TEST ABNORMAL,5,0,0,0
CARCINOID CRISIS,0,0,15,0
CARDIAC ARREST,270,1606,208,700
CARDIAC DISORDER,5,377,0,262
CARDIAC FAILURE,37,338,31,329
CARDIAC FAILURE ACUTE,10,0,0,0
CARDIAC FAILURE CONGESTIVE,0,193,0,204
CARDIAC TAMPONADE,5,0,0,0
CARDIO-RESPIRATORY ARREST,78,1323,154,441
CARDIOGENIC SHOCK,23,167,55,0
CARDIOMEGALY,0,0,8,0
CARDIOMYOPATHY,0,0,8,0
CARDIOVASCULAR DISORDER,18,0,17,0
CARDIOVASCULAR INSUFFICIENCY,11,0,0,0
CATARACT,0,157,0,309
CATHETER SITE HAEMORRHAGE,0,0,7,0
CAUDA EQUINA SYNDROME,0,0,9,0
CELLULITIS,0,319,0,474
CEREBELLAR HAEMORRHAGE,10,0,0,0
CEREBRAL HAEMORRHAGE,16,141,24,140
CEREBRAL HAEMORRHAGE FOETAL,0,0,12,0
CEREBRAL INFARCTION,19,0,0,0
CEREBRAL ISCHAEMIA,0,0,8,0
CEREBROVASCULAR ACCIDENT,6,369,10,505
CHEST DISCOMFORT,9,286,9,456
CHEST PAIN,15,767,20,1070
CHEST WALL RIGIDITY,6,0,0,0
CHILLS,21,639,22,651
CHOLECYSTITIS,8,0,0,0
CHOLELITHIASIS,0,134,0,191
CHOLESTASIS,20,0,88,202
CHOREA,0,0,8,0
CHROMATURIA,5,0,0,127
CHRONIC GASTRITIS,5,0,0,0
CHRONIC KIDNEY DISEASE,0,858,0,836
CHRONIC OBSTRUCTIVE PULMONARY DISEASE,0,228,0,319
CIRCULATORY COLLAPSE,75,242,91,0
CIRCUMORAL OEDEMA,7,0,0,0
CLONIC CONVULSION,5,0,0,0
CLONUS,21,0,15,0
CLOSTRIDIUM DIFFICILE COLITIS,0,0,13,0
CLOSTRIDIUM DIFFICILE INFECTION,0,161,0,175
COAGULOPATHY,17,171,15,0
COGNITIVE DISORDER,15,357,11,269
COLD SWEAT,0,150,0,0
COLITIS,0,372,0,389
COLITIS ULCERATIVE,0,230,0,335
COMA,27,614,80,567
COMPARTMENT SYNDROME,5,0,9,0
COMPLETED SUICIDE,0,992,18,975
COMPLICATIONS OF TRANSPLANTED LIVER,7,0,0,0
CONCOMITANT DISEASE AGGRAVATED,6,0,0,0
CONDITION AGGRAVATED,47,1349,98,1545
CONDUCTION DISORDER,0,0,8,0
CONFUSION POSTOPERATIVE,0,0,10,0
CONFUSIONAL STATE,40,1602,52,1526
CONGENITAL BLADDER ANOMALY,7,0,0,0
CONGENITAL CLAVICULAR AGENESIS,0,0,8,0
CONJUNCTIVITIS,0,0,11,0
CONSTIPATION,11,2011,63,1786
CONTRAINDICATED PRODUCT ADMINISTERED,6,330,21,485
CONTRAST MEDIA ALLERGY,0,0,0,133
CONTUSION,0,406,0,644
COORDINATION ABNORMAL,0,0,0,161
CORONARY ARTERY DISEASE,0,154,0,0
COUGH,19,705,15,1256
COUNTERFEIT PRODUCT ADMINISTERED,0,193,0,0
COVID-19,6,334,25,517
COVID-19 PNEUMONIA,0,0,22,0
CROHN^S DISEASE,0,340,0,441
CRYING,0,305,0,130
CYANOSIS,15,198,19,0
CYANOSIS NEONATAL,5,0,0,0
CYST,0,169,0,0
CYSTITIS,0,0,0,287
CYTOKINE RELEASE SYNDROME,7,151,0,168
CYTOMEGALOVIRUS INFECTION,5,0,0,0
DEAFNESS NEUROSENSORY,0,201,16,0
DEATH,16,16413,47,3556
DECREASED APPETITE,5,1575,0,1546
DECUBITUS ULCER,5,0,0,0
DEEP VEIN THROMBOSIS,18,370,0,245
DEEP VEIN THROMBOSIS POSTOPERATIVE,0,0,0,207
DEHYDRATION,0,981,12,781
DELAYED RECOVERY FROM ANAESTHESIA,64,0,26,0
DELIRIUM,37,698,54,723
DEPENDENCE,0,430,0,309
DEPRESSED LEVEL OF CONSCIOUSNESS,43,777,47,621
DEPRESSED MOOD,0,194,0,168
DEPRESSION,0,1330,11,1044
DERMATITIS ALLERGIC,7,0,25,0
DERMATITIS BULLOUS,0,0,34,0
DERMATITIS CONTACT,0,167,0,0
DERMATITIS EXFOLIATIVE GENERALISED,0,0,9,0
DEVELOPMENTAL DELAY,0,385,0,149
DEVICE ADHESION ISSUE,0,227,0,0
DEVICE FAILURE,0,0,8,0
DEVICE ISSUE,5,148,36,174
DEVICE MALFUNCTION,0,302,0,129
DEVICE RELATED INFECTION,7,0,0,0
DIABETES INSIPIDUS,70,0,8,0
DIABETES MELLITUS,0,176,0,220
DIAPHRAGMATIC PARALYSIS,5,0,0,0
DIARRHOEA,40,2930,54,3155
DIPLEGIA,7,0,0,0
DISABILITY,0,434,0,156
DISCOMFORT,8,248,0,560
DISEASE PROGRESSION,8,652,0,700
DISLOCATION OF VERTEBRA,0,0,0,270
DISORIENTATION,19,451,16,275
DISSEMINATED INTRAVASCULAR COAGULATION,19,0,17,0
DISTURBANCE IN ATTENTION,0,329,21,218
DIVERTICULITIS,0,142,0,240
DIZZINESS,11,1886,33,1833
DOCUMENTED HYPERSENSITIVITY TO ADMINISTERED PRODUCT,5,0,0,0
DRUG ABUSE,21,11107,34,2125
DRUG ABUSER,5,0,0,0
DRUG ADMINISTERED AT INAPPROPRIATE SITE,0,149,0,0
DRUG ADMINISTRATION ERROR,6,153,0,0
DRUG CLEARANCE DECREASED,0,0,8,0
DRUG DEPENDENCE,0,7764,15,1606
DRUG DIVERSION,0,1196,13,0
DRUG DOSE OMISSION,0,1171,0,304
DRUG EFFECT DECREASED,0,1298,0,0
DRUG EFFECT INCOMPLETE,5,360,0,0
DRUG EFFECT INCREASED,0,235,0,0
DRUG EFFECT PROLONGED,6,0,0,0
DRUG ERUPTION,11,0,0,0
DRUG HYPERSENSITIVITY,21,1178,15,2272
DRUG INEFFECTIVE,208,8062,318,4450
DRUG INEFFECTIVE FOR UNAPPROVED INDICATION,23,302,20,286
DRUG INTERACTION,287,2472,181,1333
DRUG INTOLERANCE,0,629,0,1186
DRUG LEVEL ABOVE THERAPEUTIC,5,0,8,0
DRUG LEVEL INCREASED,5,164,33,0
DRUG PRESCRIBING ERROR,0,586,0,0
DRUG REACTION WITH EOSINOPHILIA AND SYSTEMIC SYMPTOMS,54,155,125,0
DRUG RESISTANCE,24,0,0,0
DRUG SCREEN NEGATIVE,0,176,0,0
DRUG SCREEN POSITIVE,0,257,10,0
DRUG TOLERANCE,0,278,0,0
DRUG TOLERANCE DECREASED,0,0,0,135
DRUG USE DISORDER,0,437,0,207
DRUG WITHDRAWAL SYNDROME,7,3274,42,865
DRUG WITHDRAWAL SYNDROME NEONATAL,0,1720,0,227
DRUG-INDUCED LIVER INJURY,22,0,12,146
DRY EYE,0,292,0,0
DRY MOUTH,0,382,10,528
DRY SKIN,0,227,0,205
DUODENAL ULCER PERFORATION,0,0,0,282
DYSARTHRIA,15,296,18,365
DYSGEUSIA,0,228,11,221
DYSKINESIA,39,289,12,199
DYSMORPHISM,0,0,8,0
DYSPEPSIA,0,421,0,680
DYSPHAGIA,18,594,22,670
DYSPHEMIA,5,0,0,0
DYSPHONIA,7,233,9,192
DYSPNOEA,56,2744,95,2695
DYSPNOEA EXERTIONAL,7,147,0,167
DYSSTASIA,0,0,0,185
DYSTONIA,25,0,0,0
DYSURIA,0,219,7,220
EAR INFECTION,0,0,0,261
EAR PAIN,0,0,0,176
EATING DISORDER,0,162,0,238
EJECTION FRACTION DECREASED,0,0,11,0
ELECTROCARDIOGRAM ABNORMAL,7,0,0,0
ELECTROCARDIOGRAM QRS COMPLEX PROLONGED,17,0,8,0
ELECTROCARDIOGRAM QT PROLONGED,36,308,36,231
ELECTROCARDIOGRAM ST SEGMENT DEPRESSION,16,0,0,0
ELECTROCARDIOGRAM ST SEGMENT ELEVATION,16,0,0,0
ELECTROCARDIOGRAM ST-T CHANGE,0,0,9,0
ELECTROENCEPHALOGRAM ABNORMAL,11,0,0,0
EMBOLIC STROKE,0,0,13,0
EMOTIONAL DISTRESS,6,2499,0,643
EMPHYSEMA,5,0,35,0
ENCEPHALOMALACIA,0,0,7,0
ENCEPHALOPATHY,16,382,24,315
END STAGE RENAL DISEASE,0,253,0,272
ENDOTRACHEAL INTUBATION COMPLICATION,11,0,0,0
ENTEROBACTER INFECTION,5,0,0,0
EOSINOPHILIA,12,0,117,0
EPIDURAL ANALGESIA,0,0,10,0
EPIDURAL HAEMORRHAGE,0,0,15,0
EPIGASTRIC DISCOMFORT,0,162,0,0
EPILEPSY,13,0,8,0
EPISTAXIS,8,288,48,362
ERYTHEMA,87,740,151,709
ERYTHEMA MULTIFORME,5,0,0,0
ESCHERICHIA INFECTION,6,0,0,0
EUPHORIC MOOD,0,177,0,0
EXOSTOSIS,0,0,0,240
EXPIRED PRODUCT ADMINISTERED,0,143,0,0
EXPOSURE DURING PREGNANCY,71,659,146,549
EXTRAPYRAMIDAL DISORDER,5,0,0,0
EXTRASYSTOLES,7,0,0,0
EXTRAVASATION,6,0,10,0
EYELID OEDEMA,11,0,11,0
FACE OEDEMA,0,0,47,0
FACET JOINT SYNDROME,0,0,0,211
FAECALOMA,0,152,0,0
FALL,7,1949,25,1834
FATIGUE,12,3444,20,3650
FEBRILE BONE MARROW APLASIA,0,0,8,0
FEBRILE NEUTROPENIA,16,511,0,934
FEEDING DISORDER,0,149,0,169
FEELING ABNORMAL,8,1244,11,818
FEELING COLD,0,248,0,154
FEELING HOT,0,322,10,401
FIBROMYALGIA,0,138,0,370
FIXED ERUPTION,8,0,0,0
FLATULENCE,0,185,27,251
FLUID RETENTION,0,155,0,288
FLUSHING,38,252,27,236
FOETAL EXPOSURE DURING DELIVERY,11,0,15,0
FOETAL EXPOSURE DURING PREGNANCY,143,1346,107,498
FOETAL HEART RATE ABNORMAL,0,0,18,0
FOLLICULITIS,0,0,0,214
FOOD ALLERGY,0,0,0,142
FOOD INTERACTION,6,0,0,0
FOOT DEFORMITY,0,0,0,271
FREQUENT BOWEL MOVEMENTS,0,212,0,339
FUNGAL INFECTION,14,0,0,128
GAIT DISTURBANCE,0,1086,47,1208
GAIT INABILITY,0,190,0,325
GAMMA-GLUTAMYLTRANSFERASE INCREASED,21,159,15,144
GANGRENE,0,0,0,128
GASTRIC DISORDER,0,0,0,128
GASTRIC ULCER,0,0,0,130
GASTRITIS,0,143,0,0
GASTROINTESTINAL DISORDER,0,431,8,617
GASTROINTESTINAL HAEMORRHAGE,11,421,17,317
GASTROINTESTINAL MOTILITY DISORDER,0,0,10,0
GASTROINTESTINAL NECROSIS,5,0,0,0
GASTROOESOPHAGEAL REFLUX DISEASE,8,359,0,459
GENERAL PHYSICAL HEALTH DETERIORATION,8,1312,22,1281
GENERALISED ERYTHEMA,16,0,24,0
GENERALISED OEDEMA,18,0,0,0
GENERALISED TONIC-CLONIC SEIZURE,28,235,39,0
GLAUCOMA,0,0,0,139
GLOSSODYNIA,0,0,0,360
GLYCOSURIA,0,0,7,0
GRIP STRENGTH DECREASED,0,0,0,236
GUILLAIN-BARRE SYNDROME,0,0,9,0
HAEMATEMESIS,14,267,9,136
HAEMATOCHEZIA,0,378,0,291
HAEMATOMA,22,153,23,132
HAEMATURIA,8,228,7,155
HAEMATURIA TRAUMATIC,11,0,0,0
HAEMODILUTION,0,0,7,0
HAEMODYNAMIC INSTABILITY,41,175,88,0
HAEMOGLOBIN DECREASED,13,488,7,499
HAEMOLYTIC ANAEMIA,10,0,23,0
HAEMOPTYSIS,16,148,0,156
HAEMORRHAGE,25,310,57,313
HAEMORRHAGE INTRACRANIAL,6,0,0,0
HAEMORRHOIDS,0,137,0,0
HAEMOTHORAX,0,0,33,0
HALLUCINATION,9,588,7,483
"HALLUCINATION, VISUAL",0,147,0,177
HAND DEFORMITY,0,0,0,343
HEAD INJURY,0,194,0,0
HEAD TITUBATION,6,0,0,0
HEADACHE,27,1972,29,2604
HEART INJURY,7,0,0,0
HEART RATE DECREASED,20,217,17,227
HEART RATE INCREASED,18,475,17,397
HELICOBACTER INFECTION,0,0,0,259
HEMIPARESIS,10,0,18,191
HEMIPLEGIA,0,0,0,139
HEPARIN-INDUCED THROMBOCYTOPENIA,5,0,12,0
HEPATIC CIRRHOSIS,0,0,0,303
HEPATIC CYTOLYSIS,20,0,69,0
HEPATIC ENZYME INCREASED,16,273,21,627
HEPATIC FAILURE,14,246,23,207
HEPATIC FUNCTION ABNORMAL,21,189,0,0
HEPATIC STEATOSIS,0,0,0,151
HEPATITIS,8,0,28,0
HEPATITIS ACUTE,10,0,0,0
HEPATITIS C,0,205,0,0
HEPATITIS FULMINANT,8,0,12,0
HEPATOCELLULAR INJURY,31,0,90,147
HEPATOMEGALY,0,0,7,0
HEPATORENAL FAILURE,0,0,28,0
HEPATOTOXICITY,10,0,0,0
HERNIA,0,0,0,146
HERPES ZOSTER,0,166,0,372
HIATUS HERNIA,0,0,7,0
HIP ARTHROPLASTY,0,0,0,190
HIP FRACTURE,0,152,0,144
HOMICIDE,0,157,0,0
HORNER^S SYNDROME,0,0,34,0
HOSPITALISATION,0,793,0,382
HOT FLUSH,0,336,0,288
HYPERAESTHESIA,10,315,22,262
HYPERAMMONAEMIC ENCEPHALOPATHY,8,0,0,0
HYPERBILIRUBINAEMIA,14,0,22,0
HYPERCALCAEMIA,0,155,7,0
HYPERCAPNIA,34,0,26,0
HYPERCHOLESTEROLAEMIA,0,0,0,237
HYPERDYNAMIC LEFT VENTRICLE,0,0,9,0
HYPERGLYCAEMIA,8,229,24,167
HYPERHIDROSIS,31,1728,27,1092
HYPERKALAEMIA,62,390,63,261
HYPERLACTACIDAEMIA,6,0,28,0
HYPERLEUKOCYTOSIS,0,0,8,0
HYPERLIPASAEMIA,0,0,7,0
HYPERNATRAEMIA,14,0,11,0
HYPERREFLEXIA,26,0,0,0
HYPERSENSITIVITY,30,691,74,978
HYPERSOMNIA,0,240,0,166
HYPERTENSION,68,1167,103,1373
HYPERTENSIVE CRISIS,26,0,13,0
HYPERTHERMIA,6,133,46,0
HYPERTHERMIA MALIGNANT,87,151,73,0
HYPERTRANSAMINASAEMIA,0,0,54,0
HYPERTRIGLYCERIDAEMIA,0,0,21,0
HYPOAESTHESIA,13,637,34,919
HYPOALBUMINAEMIA,7,0,14,0
HYPOCALCAEMIA,10,150,7,0
HYPOCAPNIA,0,0,13,0
HYPOGLYCAEMIA,10,254,22,200
HYPOKALAEMIA,20,500,36,403
HYPOKINESIA,0,0,12,0
HYPOMAGNESAEMIA,0,0,11,0
HYPONATRAEMIA,18,436,23,328
HYPOPHAGIA,0,170,0,189
HYPOPNOEA,8,0,0,0
HYPOTENSION,375,2306,561,1518
HYPOTHERMIA,34,153,19,0
HYPOTHYROIDISM,9,193,0,236
HYPOTONIA,15,0,21,0
HYPOVENTILATION,41,0,7,0
HYPOVOLAEMIA,0,0,39,0
HYPOVOLAEMIC SHOCK,10,0,7,0
HYPOXIA,92,685,60,504
HYPOXIC-ISCHAEMIC ENCEPHALOPATHY,14,0,0,0
HYSTERECTOMY,6,0,0,0
ILEUS,12,0,8,0
ILL-DEFINED DISORDER,0,0,0,394
ILLNESS,0,381,0,383
IMMUNE THROMBOCYTOPENIA,6,0,0,0
IMMUNODEFICIENCY,0,0,0,223
IMPAIRED DRIVING ABILITY,0,224,0,0
IMPAIRED HEALING,0,198,0,428
IMPLANT SITE INFECTION,0,0,8,0
INADEQUATE ANALGESIA,11,313,10,82
INAPPROPRIATE SCHEDULE OF DRUG ADMINISTRATION,0,700,0,0
INAPPROPRIATE SCHEDULE OF PRODUCT ADMINISTRATION,0,526,0,578
INCORRECT DOSE ADMINISTERED,10,427,16,427
INCORRECT DRUG ADMINISTRATION DURATION,0,311,0,0
INCORRECT ROUTE OF DRUG ADMINISTRATION,0,198,0,0
INCORRECT ROUTE OF PRODUCT ADMINISTRATION,7,505,18,218
INFANTILE APNOEA,0,0,10,0
INFECTION,22,838,0,953
INFLAMMATION,0,214,7,493
INFLUENZA,0,324,0,655
INFLUENZA LIKE ILLNESS,0,256,0,344
INFUSION RELATED REACTION,0,230,0,863
INJECTION SITE PAIN,0,237,0,437
INJURY,0,453,21,477
INSOMNIA,7,1588,9,1354
INSPIRATORY CAPACITY DECREASED,0,0,26,0
INTENSIVE CARE UNIT ACQUIRED WEAKNESS,14,0,0,0
INTENTIONAL OVERDOSE,6,321,19,256
INTENTIONAL PRODUCT MISUSE,14,1495,15,798
INTENTIONAL PRODUCT USE ISSUE,18,819,16,610
INTERSTITIAL LUNG DISEASE,18,219,0,0
INTERVERTEBRAL DISC PROTRUSION,0,177,0,138
INTESTINAL OBSTRUCTION,10,232,0,290
INTESTINAL PSEUDO-OBSTRUCTION,0,0,9,0
IRRITABILITY,0,264,0,182
IRRITABLE BOWEL SYNDROME,0,0,0,279
ISCHAEMIA,0,0,13,0
ISCHAEMIC STROKE,0,0,12,0
JAUNDICE,0,0,16,0
JAUNDICE CHOLESTATIC,0,0,11,0
JOINT DISLOCATION,0,0,0,207
JOINT RANGE OF MOTION DECREASED,0,0,0,333
JOINT STIFFNESS,0,0,0,260
JOINT SWELLING,0,471,0,1038
KIDNEY CONGESTION,0,0,7,0
KLEBSIELLA INFECTION,0,0,12,0
KNEE ARTHROPLASTY,0,0,0,219
KOUNIS SYNDROME,43,0,0,0
LABELLED DRUG-DRUG INTERACTION MEDICATION ERROR,8,0,0,0
LABORATORY TEST ABNORMAL,0,0,0,173
LACTIC ACIDOSIS,14,182,44,138
LANGUAGE DISORDER,0,0,8,0
LARYNGEAL OBSTRUCTION,9,0,0,0
LARYNGEAL OEDEMA,9,0,15,0
LARYNGEAL STENOSIS,6,0,0,0
LARYNGITIS,0,0,0,213
LARYNGOSPASM,38,0,0,0
LEARNING DISABILITY,0,295,0,146
LEFT VENTRICULAR DYSFUNCTION,0,0,7,0
LETHARGY,0,424,0,395
LEUKOCYTOSIS,0,165,50,182
LEUKOCYTURIA,0,0,7,0
LEUKOPENIA,12,225,12,262
LIMB DISCOMFORT,0,0,0,133
LIP DRY,0,0,0,241
LIP OEDEMA,7,0,0,0
LIP SWELLING,6,0,9,0
LIVE BIRTH,15,233,23,190
LIVER DISORDER,7,139,7,374
LIVER FUNCTION TEST ABNORMAL,24,172,0,128
LIVER FUNCTION TEST INCREASED,0,214,8,221
LIVER INJURY,0,137,0,327
LOCAL ANAESTHETIC SYSTEMIC TOXICITY,26,0,0,0
LOCALISED INFECTION,0,0,0,158
LOSS OF CONSCIOUSNESS,37,1072,62,681
LOSS OF PERSONAL INDEPENDENCE IN DAILY ACTIVITIES,0,330,0,425
LOW BIRTH WEIGHT BABY,13,0,9,0
LOWER LIMB FRACTURE,0,0,0,340
LOWER RESPIRATORY TRACT INFECTION,0,0,0,535
LUNG DISORDER,0,195,22,519
LUPUS VULGARIS,0,0,0,213
LUPUS-LIKE SYNDROME,0,0,0,195
LYMPHADENOPATHY,0,141,0,183
LYMPHOCYTE COUNT DECREASED,9,0,0,131
LYMPHOPENIA,6,0,0,0
MALAISE,19,2338,26,2280
MALIGNANT NEOPLASM PROGRESSION,0,1038,0,818
MALNUTRITION,0,157,0,0
MANIA,0,0,10,0
MATERNAL EXPOSURE DURING DELIVERY,21,203,92,0
MATERNAL EXPOSURE DURING PREGNANCY,70,1172,110,650
MECHANICAL VENTILATION COMPLICATION,0,0,25,0
MEDICATION ERROR,12,366,14,256
MEMORY IMPAIRMENT,0,631,31,825
MENINGITIS ASEPTIC,0,0,13,0
MENTAL DISORDER,0,480,12,206
MENTAL IMPAIRMENT,0,198,0,0
MENTAL STATUS CHANGES,0,339,9,306
METABOLIC ACIDOSIS,51,466,70,241
METASTASES TO BONE,0,231,0,181
METASTASES TO LIVER,0,0,0,127
MIGRAINE,0,518,0,614
MIOSIS,10,340,26,254
MITRAL VALVE INCOMPETENCE,7,0,0,0
MIXED LIVER INJURY,14,0,50,0
MOBILITY DECREASED,0,383,0,784
MONOPLEGIA,7,0,8,0
MOTOR DYSFUNCTION,0,0,14,159
MOUTH ULCERATION,0,0,0,130
MOVEMENT DISORDER,0,175,0,180
MUCOSAL INFLAMMATION,0,214,0,301
MULTI-ORGAN FAILURE,0,0,9,0
MULTIPLE ORGAN DYSFUNCTION SYNDROME,34,411,117,363
MUSCLE CONTRACTURE,13,0,0,0
MUSCLE INJURY,0,0,0,221
MUSCLE RIGIDITY,20,203,0,0
MUSCLE SPASMS,14,786,28,929
MUSCLE SPASTICITY,0,0,14,308
MUSCLE TWITCHING,18,181,0,136
MUSCULAR WEAKNESS,10,542,21,782
MUSCULOSKELETAL CHEST PAIN,0,0,0,151
MUSCULOSKELETAL PAIN,0,416,0,566
MUSCULOSKELETAL STIFFNESS,14,584,0,773
MYALGIA,13,495,11,573
MYDRIASIS,14,148,40,0
MYELITIS,0,0,14,0
MYOCARDIAL CALCIFICATION,0,0,9,0
MYOCARDIAL DEPRESSION,6,0,0,0
MYOCARDIAL INFARCTION,12,482,13,386
MYOCARDIAL ISCHAEMIA,10,0,0,0
MYOCARDIAL STUNNING,0,0,11,0
MYOCLONUS,14,328,66,191
MYOGLOBIN BLOOD INCREASED,0,0,16,0
MYOGLOBINAEMIA,0,0,8,0
NASAL CONGESTION,0,149,0,174
NASOPHARYNGITIS,0,434,0,1016
NAUSEA,51,4928,109,4527
NECK PAIN,0,324,11,362
NECROSIS,0,0,9,0
NEGATIVE PRESSURE PULMONARY OEDEMA,26,0,21,0
NEONATAL RESPIRATORY DEPRESSION,10,0,0,0
NEONATAL RESPIRATORY DISTRESS,0,0,9,0
NEONATAL RESPIRATORY DISTRESS SYNDROME,0,0,14,0
NEOPLASM MALIGNANT,0,219,0,221
NEOPLASM PROGRESSION,0,517,0,306
NEPHROGENIC ANAEMIA,0,179,0,168
NEPHROGENIC DIABETES INSIPIDUS,7,0,14,0
NEPHROLITHIASIS,0,160,0,355
NERVOUS SYSTEM DISORDER,0,168,76,143
NERVOUSNESS,0,218,0,188
NEURALGIA,0,225,8,244
NEUROLEPTIC MALIGNANT SYNDROME,9,0,0,0
NEUROLOGICAL DECOMPENSATION,7,0,0,0
NEUROMUSCULAR BLOCK PROLONGED,51,0,0,0
NEUROMUSCULAR BLOCKADE,12,0,0,0
NEUROPATHY PERIPHERAL,7,479,18,516
NEUROTOXICITY,0,199,17,145
NEUTROPENIA,10,708,24,614
NEUTROPHIL COUNT DECREASED,0,255,0,221
NEUTROPHIL COUNT INCREASED,8,0,9,0
NIGHT SWEATS,6,198,0,327
NIGHTMARE,0,0,0,325
NO ADVERSE EVENT,9,353,11,0
NO THERAPEUTIC RESPONSE,0,0,14,0
NODAL RHYTHM,9,0,0,0
NORMAL NEWBORN,10,0,0,0
NYSTAGMUS,17,0,0,0
OBESITY,0,0,0,303
OBSTRUCTIVE AIRWAYS DISORDER,13,0,0,0
OEDEMA,21,296,25,575
OEDEMA PERIPHERAL,6,606,19,820
OESOPHAGEAL INTRAMURAL HAEMATOMA,6,0,0,0
OFF LABEL USE,191,3744,252,3938
OLIGOHYDRAMNIOS,0,0,9,0
OLIGURIA,0,0,43,0
OPISTHOTONUS,6,137,0,0
OPTIC NEURITIS,12,0,0,0
ORAL CANDIDIASIS,0,183,0,159
OROPHARYNGEAL PAIN,0,294,0,427
OSTEOARTHRITIS,0,364,0,470
OSTEOMYELITIS,0,208,0,0
OSTEONECROSIS OF JAW,0,145,0,0
OSTEOPENIA,0,254,0,0
OSTEOPOROSIS,0,180,0,408
OVERDOSE,64,10992,55,2022
OXYGEN SATURATION DECREASED,104,707,103,602
PAIN,23,7349,98,4794
PAIN IN EXTREMITY,0,1178,16,1731
PALLOR,17,151,0,170
PALPITATIONS,9,355,12,400
PANCREATITIS,8,195,11,372
PANCREATITIS ACUTE,7,0,34,184
PANCREATITIS NECROTISING,8,0,0,0
PANCYTOPENIA,10,369,23,321
PANIC ATTACK,0,239,0,0
PARADOXICAL DRUG REACTION,10,0,0,0
PARAESTHESIA,26,607,46,746
PARALYSIS,9,134,27,0
PARANOIA,0,149,0,0
PARAPARESIS,0,0,8,0
PARKINSONISM HYPERPYREXIA SYNDROME,6,0,0,0
PARTIAL SEIZURES,7,0,0,0
PATENT DUCTUS ARTERIOSUS,23,0,32,0
PATIENT UNCOOPERATIVE,0,0,8,0
PEMPHIGUS,0,0,0,295
PERICARDIAL EFFUSION,10,0,0,0
PERICARDIAL HAEMORRHAGE,7,0,0,0
PERICARDITIS,0,0,0,304
PERIORBITAL SWELLING,0,0,8,0
PERIPHERAL ISCHAEMIA,6,0,0,0
PERIPHERAL NERVE INJURY,0,0,21,0
PERIPHERAL SWELLING,9,739,0,1138
PERIPHERAL VENOUS DISEASE,0,0,0,212
PERSONALITY DISORDER,0,0,0,148
PETECHIAE,7,0,10,0
PIGMENT NEPHROPATHY,6,0,0,0
PILOERECTION,7,0,0,0
PLASMA CELL MYELOMA,0,381,0,234
PLATELET COUNT DECREASED,21,594,8,485
PLEURAL EFFUSION,20,471,56,465
PLEURAL FIBROSIS,0,153,0,0
PNEUMOMEDIASTINUM,7,0,0,0
PNEUMONIA,48,1960,51,2422
PNEUMONIA ASPIRATION,21,338,47,250
PNEUMONIA BACTERIAL,0,0,14,0
PNEUMONIA FUNGAL,0,0,15,0
PNEUMONITIS,8,164,0,192
PNEUMOTHORAX,22,154,41,129
POISONING,0,0,0,252
POISONING DELIBERATE,0,0,0,161
POLLAKIURIA,0,139,0,0
POLYURIA,17,0,20,0
POOR FEEDING INFANT,0,150,0,0
POOR QUALITY DRUG ADMINISTERED,0,143,0,0
POST PROCEDURAL COMPLICATION,11,166,0,0
POST PROCEDURAL HAEMORRHAGE,12,0,10,0
POST PROCEDURAL STROKE,0,0,8,0
POSTERIOR REVERSIBLE ENCEPHALOPATHY SYNDROME,10,0,26,0
POSTOPERATIVE DELIRIUM,17,0,14,0
POSTPARTUM HAEMORRHAGE,0,0,14,0
PREMATURE BABY,102,408,55,200
PREMATURE DELIVERY,50,251,20,146
PREMATURE LABOUR,9,0,0,0
PREMATURE RUPTURE OF MEMBRANES,7,0,0,0
PRESBYACUSIS,0,149,0,0
PRESCRIBED OVERDOSE,6,145,0,375
PRESCRIBED UNDERDOSE,0,0,0,230
PRESCRIPTION DRUG USED WITHOUT A PRESCRIPTION,0,526,0,0
PRINZMETAL ANGINA,9,0,0,0
PROCEDURAL COMPLICATION,9,0,9,0
PROCEDURAL HAEMORRHAGE,17,0,10,0
PROCEDURAL HYPOTENSION,24,0,12,0
PROCEDURAL NAUSEA,6,0,13,0
PROCEDURAL PAIN,14,162,8,167
PROCEDURAL VOMITING,8,0,13,0
PROCEDURE ABORTED,0,0,10,0
PROCTITIS,0,142,0,0
PRODUCT ADHESION ISSUE,0,4579,0,0
PRODUCT ADMINISTERED TO PATIENT OF INAPPROPRIATE AGE,7,0,0,0
PRODUCT ADMINISTRATION ERROR,11,0,0,0
PRODUCT AVAILABILITY ISSUE,0,180,0,0
PRODUCT COMPLAINT,0,189,0,0
PRODUCT COUNTERFEIT,0,254,0,0
PRODUCT DOSE OMISSION,0,299,0,0
PRODUCT DOSE OMISSION ISSUE,0,440,0,476
PRODUCT PACKAGING ISSUE,0,198,0,0
PRODUCT PACKAGING QUANTITY ISSUE,0,291,0,0
PRODUCT PHYSICAL ISSUE,0,206,0,0
PRODUCT PRESCRIBING ERROR,0,259,10,0
PRODUCT PRESCRIBING ISSUE,0,169,0,0
PRODUCT QUALITY ISSUE,0,2526,8,190
PRODUCT SUBSTITUTION ISSUE,0,420,0,0
PRODUCT USE IN UNAPPROVED INDICATION,62,996,72,1028
PRODUCT USE ISSUE,21,784,56,1004
PRODUCTIVE COUGH,6,195,0,308
PROPOFOL INFUSION SYNDROME,20,0,18,0
PROTEINURIA,0,0,15,0
PRURITUS,41,1117,38,1291
PSORIASIS,0,253,0,680
PSORIATIC ARTHROPATHY,0,0,0,425
PSYCHOTIC DISORDER,0,139,12,142
PULMONARY ALVEOLAR HAEMORRHAGE,31,0,11,0
PULMONARY CONGESTION,0,181,9,183
PULMONARY EMBOLISM,20,485,18,463
PULMONARY FIBROSIS,0,0,0,362
PULMONARY HAEMORRHAGE,7,0,9,0
PULMONARY HYPERTENSION,7,174,0,135
PULMONARY OEDEMA,40,662,39,431
PULSE ABNORMAL,6,0,0,0
PULSE ABSENT,8,0,0,0
PULSELESS ELECTRICAL ACTIVITY,44,155,19,0
PUPIL FIXED,8,0,0,0
PUPILS UNEQUAL,6,0,0,0
PURPURA,0,0,16,0
PYREXIA,69,1971,109,2337
QUALITY OF LIFE DECREASED,0,145,0,0
RADICULOPATHY,0,136,16,0
RASH,98,1388,183,1646
RASH ERYTHEMATOUS,9,154,25,244
RASH GENERALISED,0,0,14,0
RASH MACULAR,8,0,10,0
RASH MACULO-PAPULAR,34,0,149,175
RASH MORBILLIFORM,0,0,30,0
RASH PAPULAR,0,0,11,0
RASH PRURITIC,21,153,10,163
RASH PUSTULAR,9,0,13,0
RASH VESICULAR,6,0,0,0
REBOUND EFFECT,0,0,10,0
RECTAL HAEMORRHAGE,0,271,0,394
RECURRENCE OF NEUROMUSCULAR BLOCKADE,31,0,0,0
RED BLOOD CELL COUNT DECREASED,0,148,0,0
RED BLOOD CELL SEDIMENTATION RATE INCREASED,0,0,0,263
RENAL DISORDER,0,161,0,180
RENAL FAILURE,19,1038,48,946
RENAL FAILURE ACUTE,22,0,30,0
RENAL IMPAIRMENT,32,612,14,343
RENAL INJURY,0,167,0,248
RENAL TUBULAR NECROSIS,0,0,8,0
RESPIRATORY ACIDOSIS,23,183,30,0
RESPIRATORY ALKALOSIS,7,0,0,0
RESPIRATORY ARREST,48,774,25,290
RESPIRATORY DEPRESSION,79,815,78,612
RESPIRATORY DISORDER,16,178,11,305
RESPIRATORY DISTRESS,18,292,36,282
RESPIRATORY FAILURE,54,947,59,734
RESPIRATORY MUSCLE WEAKNESS,7,0,0,0
RESPIRATORY TRACT CONGESTION,0,0,0,138
RESTLESS LEGS SYNDROME,0,160,0,0
RESTLESSNESS,9,430,16,266
RETCHING,0,0,0,128
RETINITIS,0,0,0,192
RHABDOMYOLYSIS,83,389,119,207
RHEUMATIC FEVER,0,0,0,264
RHEUMATOID ARTHRITIS,0,557,0,1334
RHEUMATOID FACTOR POSITIVE,0,0,0,319
RHINORRHOEA,0,243,0,415
RIB FRACTURE,0,138,0,165
RIGHT VENTRICULAR DYSFUNCTION,0,0,9,0
ROAD TRAFFIC ACCIDENT,0,475,0,490
SCHIZENCEPHALY,0,0,12,0
SCIATICA,0,0,0,374
SEDATION,12,373,23,566
SEDATION COMPLICATION,13,0,20,131
SEIZURE,66,756,23,590
SEIZURE LIKE PHENOMENA,19,0,0,0
SENSORY LOSS,0,0,0,178
SEPSIS,34,1037,33,953
SEPTIC SHOCK,28,458,104,312
SERONEGATIVE ARTHRITIS,0,0,0,139
SEROTONIN SYNDROME,76,1142,61,227
SHOCK,32,189,86,0
SHOCK HAEMORRHAGIC,13,0,47,0
SINUS ARREST,19,0,0,0
SINUS BRADYCARDIA,12,148,10,0
SINUS CONGESTION,0,0,0,141
SINUS DISORDER,0,0,0,161
SINUS TACHYCARDIA,37,187,38,129
SINUSITIS,0,247,0,705
SKIN DISCOLOURATION,0,148,0,149
SKIN EXFOLIATION,0,153,0,303
SKIN HAEMORRHAGE,0,0,0,142
SKIN IRRITATION,0,159,0,0
SKIN LESION,0,265,0,139
SKIN NECROSIS,0,0,12,0
SKIN REACTION,8,0,0,0
SKIN ULCER,0,170,0,168
SLEEP APNOEA SYNDROME,0,170,0,198
SLEEP DISORDER,0,421,8,550
SLEEP DISORDER DUE TO A GENERAL MEDICAL CONDITION,0,0,0,159
"SLEEP DISORDER DUE TO GENERAL MEDICAL CONDITION, INSOMNIA TYPE",0,0,0,227
SMALL INTESTINAL OBSTRUCTION,0,134,0,134
SNEEZING,0,0,0,168
SOMNOLENCE,56,2020,77,1534
SOPOR,0,159,0,0
SPEECH DISORDER,0,236,12,252
SPINAL EPIDURAL HAEMATOMA,0,0,13,0
SPINAL EPIDURAL HAEMORRHAGE,0,0,20,0
SPINAL FRACTURE,0,169,0,141
SPINAL PAIN,0,0,0,147
STAPHYLOCOCCAL INFECTION,6,156,12,151
STATUS EPILEPTICUS,46,168,25,0
STEVENS-JOHNSON SYNDROME,13,0,41,0
STOMATITIS,0,383,0,552
STRESS,0,225,0,352
STRESS CARDIOMYOPATHY,28,155,44,0
STRIDOR,7,0,0,0
STUPOR,8,0,0,0
SUBCUTANEOUS EMPHYSEMA,14,0,0,0
SUBDURAL HAEMATOMA,7,0,0,0
SUBSTANCE ABUSE,0,378,19,206
SUBSTANCE USE DISORDER,0,134,0,134
SUICIDAL IDEATION,0,497,0,305
SUICIDE ATTEMPT,0,375,17,199
SUPRAVENTRICULAR EXTRASYSTOLES,6,0,0,0
SUPRAVENTRICULAR TACHYCARDIA,13,0,9,0
SURGERY,0,245,0,136
SUSPECTED PRODUCT CONTAMINATION,0,0,12,0
SUSPECTED PRODUCT QUALITY ISSUE,0,0,21,0
SWELLING,0,331,0,719
SWELLING FACE,8,154,11,202
SWOLLEN JOINT COUNT INCREASED,0,0,0,242
SWOLLEN TONGUE,15,0,0,0
SYMMETRICAL DRUG-RELATED INTERTRIGINOUS AND FLEXURAL EXANTHEMA,0,0,21,0
SYMPTOM MASKED,11,0,0,0
SYNCOPE,0,458,0,358
SYNDACTYLY,0,0,8,0
SYNOVITIS,0,0,0,486
SYSTEMIC LUPUS ERYTHEMATOSUS,0,0,0,337
TACHYARRHYTHMIA,0,0,10,0
TACHYCARDIA,159,894,264,716
TACHYPNOEA,14,246,11,0
THERAPEUTIC PRODUCT EFFECT DECREASED,0,347,0,368
THERAPEUTIC PRODUCT EFFECT INCOMPLETE,0,299,24,449
THERAPEUTIC RESPONSE DECREASED,6,323,14,239
THERAPY CESSATION,0,187,0,0
THERAPY NON-RESPONDER,10,194,8,332
THERAPY PARTIAL RESPONDER,0,0,18,0
THROMBOCYTOPENIA,34,720,110,858
THROMBOPHLEBITIS,13,0,0,0
THROMBOSIS,6,288,10,345
THYROTOXIC CRISIS,9,0,0,0
TINNITUS,0,180,0,162
TONGUE OEDEMA,8,0,0,0
TONIC CLONIC MOVEMENTS,0,0,15,0
TONIC CONVULSION,0,0,8,0
TOOTH DISORDER,0,0,0,147
TOOTH LOSS,0,204,0,0
TORSADE DE POINTES,24,0,44,0
TOXIC ENCEPHALOPATHY,0,0,23,0
TOXIC EPIDERMAL NECROLYSIS,68,147,127,0
TOXIC SKIN ERUPTION,10,0,20,0
TOXICITY TO VARIOUS AGENTS,65,14979,139,3639
TRANSAMINASES INCREASED,11,0,23,127
TRANSCRANIAL ELECTRICAL MOTOR EVOKED POTENTIAL MONITORING ABNORMAL,8,0,0,0
TRANSCRIPTION MEDICATION ERROR,7,0,0,0
TREATMENT FAILURE,13,279,0,669
TREATMENT NONCOMPLIANCE,0,251,10,163
TREMOR,26,1129,41,703
TRIGEMINO-CARDIAC REFLEX,33,0,0,0
TRISMUS,6,0,0,0
TROPONIN INCREASED,0,0,8,0
TRYPTASE INCREASED,7,0,0,0
TUBULOINTERSTITIAL NEPHRITIS,0,147,14,0
TUMOUR HAEMORRHAGE,6,0,0,0
TYPE 2 DIABETES MELLITUS,0,0,0,362
TYPE I HYPERSENSITIVITY,20,0,50,0
TYPE IV HYPERSENSITIVITY REACTION,9,0,0,0
UNDERDOSE,0,496,9,224
UNEVALUABLE EVENT,0,494,0,245
UNRESPONSIVE TO STIMULI,32,750,9,337
UNWANTED AWARENESS DURING ANAESTHESIA,11,0,12,0
UPPER AIRWAY OBSTRUCTION,18,0,0,0
UPPER RESPIRATORY TRACT INFECTION,9,162,0,525
URINARY INCONTINENCE,0,155,8,133
URINARY RETENTION,11,489,33,331
URINARY TRACT INFECTION,17,870,11,910
URINE OUTPUT DECREASED,6,0,0,0
URTICARIA,79,526,135,794
VASOPLEGIA SYNDROME,0,0,23,0
VENTRICULAR EXTRASYSTOLES,16,0,11,0
VENTRICULAR FIBRILLATION,47,0,54,0
VENTRICULAR HYPOKINESIA,0,0,9,0
VENTRICULAR TACHYCARDIA,41,213,45,0
VERTIGO,0,281,0,229
VICTIM OF CRIME,0,0,15,0
VIRAL INFECTION,0,0,0,161
VISION BLURRED,0,335,16,330
VISUAL IMPAIRMENT,0,353,0,502
VOCAL CORD PARALYSIS,9,0,0,0
VOMITING,64,3483,80,3432
WALKING AID USER,0,0,0,158
WEIGHT DECREASED,21,1767,13,2040
WEIGHT FLUCTUATION,0,0,9,0
WEIGHT INCREASED,0,696,9,1108
WHEEZING,10,205,0,560
WHITE BLOOD CELL COUNT ABNORMAL,0,249,0,0
WHITE BLOOD CELL COUNT DECREASED,7,550,0,415
WHITE BLOOD CELL COUNT INCREASED,10,182,0,299
WITHDRAWAL SYNDROME,10,1856,26,390
WOUND,0,160,0,465
WOUND INFECTION,0,0,0,324
WRONG PRODUCT ADMINISTERED,0,0,10,0
WRONG TECHNIQUE IN DEVICE USAGE PROCESS,0,138,0,0
WRONG TECHNIQUE IN DRUG USAGE PROCESS,0,832,0,0
WRONG TECHNIQUE IN PRODUCT USAGE PROCESS,8,2960,10,302
X-RAY ABNORMAL,0,0,0,193
